id,categoriaActual,descripcion,unidad,rubroPropuesto,subrubroPropuesto,tipoIntervencionPropuesto,sistemaConstructivoPropuesto,alcancePropuesto,especialidadPropuesta,confianza,requiereRevisionHumana,observacion
1,Pintura,Pintura muros interiores (2 manos),m²,Pinturas y recubrimientos,Pinturas,Obra nueva,No aplica / mixto,Suministro e instalación,Pintura,alta,false,
2,Pintura,Pintura muros exteriores (2 manos),m²,Pinturas y recubrimientos,Pinturas,Obra nueva,No aplica / mixto,Suministro e instalación,Pintura,alta,false,
3,Pintura,Pintura cielos,m²,Pinturas y recubrimientos,Cielos,Obra nueva,No aplica / mixto,Suministro e instalación,Pintura,alta,false,
4,Pintura,Pintura puertas y ventanas (2 manos),m²,Pinturas y recubrimientos,Ventanas,Obra nueva,No aplica / mixto,Suministro e instalación,Pintura,alta,false,
5,Pintura,Pintura anticorrosiva estructura met.,m²,Pinturas y recubrimientos,Pinturas,Obra nueva,No aplica / mixto,Suministro e instalación,Pintura,alta,false,
6,Pintura,Pintura repaso 1 mano (mantención),m²,Pinturas y recubrimientos,Pinturas,Reparación,No aplica / mixto,Reparación parcial,Pintura,alta,false,
10,Albañilería,Radier hormigón H-20,m³,Albañilería,Hormigón estructural,Obra nueva,Hormigón,Suministro e instalación,Construcción general,alta,false,
11,Albañilería,Radier hormigón H-25,m³,Albañilería,Hormigón estructural,Obra nueva,Hormigón,Suministro e instalación,Construcción general,alta,false,
12,Albañilería,Muro albañilería reforzada c/bloques,m²,Albañilería,Albañilería,Obra nueva,Albañilería,Suministro e instalación,Construcción general,alta,false,Subrubro heredado de la categoría actual (sin coincidencia de palabra clave más específica).
13,Albañilería,Muro albañilería ladrillo fiscal,m²,Albañilería,Albañilería,Obra nueva,Albañilería,Suministro e instalación,Construcción general,alta,false,Subrubro heredado de la categoría actual (sin coincidencia de palabra clave más específica).
14,Albañilería,Fundación corrida H-20,m³,Albañilería,Hormigón estructural,Obra nueva,Hormigón,Suministro e instalación,Construcción general,alta,false,
15,Albañilería,Losa hormigón H-20,m³,Albañilería,Hormigón estructural,Obra nueva,Hormigón,Suministro e instalación,Construcción general,alta,false,
16,Albañilería,Losa hormigón H-25,m³,Albañilería,Hormigón estructural,Obra nueva,Hormigón,Suministro e instalación,Construcción general,alta,false,
17,Albañilería,Estuco exterior,m²,Albañilería,Albañilería,Obra nueva,No aplica / mixto,Suministro e instalación,Construcción general,alta,false,Subrubro heredado de la categoría actual (sin coincidencia de palabra clave más específica).
18,Albañilería,Estuco interior,m²,Albañilería,Albañilería,Obra nueva,No aplica / mixto,Suministro e instalación,Construcción general,alta,false,Subrubro heredado de la categoría actual (sin coincidencia de palabra clave más específica).
19,Albañilería,Reparación estuco exterior parcial,m²,Albañilería,Albañilería,Reparación,No aplica / mixto,Suministro e instalación,Construcción general,alta,false,Subrubro heredado de la categoría actual (sin coincidencia de palabra clave más específica).
20,Metalcon NC,Muro perimetral Metalcon C150 + OSB + estuco,m²,Construcción liviana,Cierres y muros perimetrales,Obra nueva,Metalcon (acero galvanizado liviano),Suministro e instalación,Construcción en seco (steel framing / madera),alta,false,
21,Metalcon NC,Muro perimetral Metalcon C200 + OSB + estuco,m²,Construcción liviana,Cierres y muros perimetrales,Obra nueva,Metalcon (acero galvanizado liviano),Suministro e instalación,Construcción en seco (steel framing / madera),alta,false,
22,Metalcon NC,Tabique Metalcon 89mm + lana + 1 placa yeso,m²,Construcción liviana,Tabiquería,Obra nueva,Metalcon (acero galvanizado liviano),Suministro e instalación,Construcción en seco (steel framing / madera),alta,false,
23,Metalcon NC,Tabique Metalcon 65mm doble placa yeso,m²,Construcción liviana,Tabiquería,Obra nueva,Metalcon (acero galvanizado liviano),Suministro e instalación,Construcción en seco (steel framing / madera),alta,false,
24,Metalcon NC,Tabique Metalcon 65mm 1 placa yeso simple,m²,Construcción liviana,Tabiquería,Obra nueva,Metalcon (acero galvanizado liviano),Suministro e instalación,Construcción en seco (steel framing / madera),alta,false,
25,Metalcon NC,Tabique Metalcon 89mm + placa RH baño/cocina,m²,Construcción liviana,Tabiquería,Obra nueva,Metalcon (acero galvanizado liviano),Suministro e instalación,Construcción en seco (steel framing / madera),alta,false,
26,Metalcon Rem.,Tabique Metalcon 65mm en remodelación,m²,Construcción liviana,Tabiquería,Remodelación,Metalcon (acero galvanizado liviano),Suministro e instalación,Construcción en seco (steel framing / madera),alta,false,
30,Metalcon NC,Techumbre Metalcon correas + omegas + zinc 0.35,m²,Construcción liviana,Cubiertas y techumbres,Obra nueva,Zinc,Suministro e instalación,Construcción en seco (steel framing / madera),alta,false,
31,Metalcon NC,Techumbre Metalcon correas + omegas + zinc 0.5,m²,Construcción liviana,Cubiertas y techumbres,Obra nueva,Zinc,Suministro e instalación,Construcción en seco (steel framing / madera),alta,false,
32,Metalcon NC,Techumbre Metalcon C150 + policarbonato,m²,Construcción liviana,Cubiertas y techumbres,Obra nueva,Policarbonato,Suministro e instalación,Construcción en seco (steel framing / madera),alta,false,
33,Metalcon Mant.,Cambio zinc ondulado estructura Metalcon,m²,Techumbres y aguas lluvias,Metalcon Mant.,Reposición,Zinc,Suministro e instalación,Techumbres,alta,false,Subrubro heredado de la categoría actual (sin coincidencia de palabra clave más específica).
35,Metalcon NC,Cielo yeso cartón 1 placa Metalcon,m²,Cielos y terminaciones,Cielos,Obra nueva,Metalcon (acero galvanizado liviano),Suministro e instalación,Terminaciones,alta,false,Rubro corregido respecto de la categoría actual original (ver DICCIONARIO_TAXONOMICO_ECP.json > overridesAplicados).
36,Metalcon NC,Cielo yeso cartón doble placa Metalcon,m²,Cielos y terminaciones,Cielos,Obra nueva,Metalcon (acero galvanizado liviano),Suministro e instalación,Terminaciones,alta,false,Rubro corregido respecto de la categoría actual original (ver DICCIONARIO_TAXONOMICO_ECP.json > overridesAplicados).
37,Metalcon NC,Cielo yeso RH (humedad) baño/cocina,m²,Cielos y terminaciones,Cielos,Obra nueva,Metalcon (acero galvanizado liviano),Suministro e instalación,Terminaciones,alta,false,Rubro corregido respecto de la categoría actual original (ver DICCIONARIO_TAXONOMICO_ECP.json > overridesAplicados).
38,Metalcon Rem.,Ampliación cielo yeso en remodelación,m²,Construcción liviana,Cielos,Ampliación,Metalcon (acero galvanizado liviano),Suministro e instalación,Construcción en seco (steel framing / madera),alta,false,
40,Madera NC,Techumbre cerchas pino 1x4 + correas + zinc 0.35,m²,Construcción liviana,Cubiertas y techumbres,Obra nueva,Zinc,Suministro e instalación,Construcción en seco (steel framing / madera),alta,false,
41,Madera NC,Techumbre cerchas pino 1x4 + correas + zinc 0.5,m²,Construcción liviana,Cubiertas y techumbres,Obra nueva,Zinc,Suministro e instalación,Construcción en seco (steel framing / madera),alta,false,
42,Madera NC,Techumbre correas pino 2x3 + zinc 0.35 (simple),m²,Construcción liviana,Cubiertas y techumbres,Obra nueva,Zinc,Suministro e instalación,Construcción en seco (steel framing / madera),alta,false,
43,Madera Mant.,Cambio zinc ondulado estructura madera,m²,Techumbres y aguas lluvias,Madera Mant.,Reposición,Zinc,Suministro e instalación,Techumbres,alta,false,Subrubro heredado de la categoría actual (sin coincidencia de palabra clave más específica).
44,Madera Mant.,Reparación cercha pino (parcial),unidad,Techumbres y aguas lluvias,Madera Mant.,Reparación,Madera,Suministro e instalación,Techumbres,alta,false,Subrubro heredado de la categoría actual (sin coincidencia de palabra clave más específica).
45,Madera NC,Tabique madera pino 2x4 + OSB + lana,m²,Construcción liviana,Tabiquería,Obra nueva,Madera,Suministro e instalación,Construcción en seco (steel framing / madera),alta,false,
46,Madera NC,Tabique madera pino 2x3 + volcanita,m²,Construcción liviana,Tabiquería,Obra nueva,Madera,Suministro e instalación,Construcción en seco (steel framing / madera),alta,false,
47,Madera NC,Cielo madera terciado 9mm,m²,Cielos y terminaciones,Cielos,Obra nueva,Madera,Suministro e instalación,Terminaciones,alta,false,Rubro corregido respecto de la categoría actual original (ver DICCIONARIO_TAXONOMICO_ECP.json > overridesAplicados).
48,Madera NC,Cielo madera volcanita sobre correas pino,m²,Cielos y terminaciones,Cielos,Obra nueva,Madera,Suministro e instalación,Terminaciones,alta,false,Rubro corregido respecto de la categoría actual original (ver DICCIONARIO_TAXONOMICO_ECP.json > overridesAplicados).
50,Impermeable,Cubierta membrana asfáltica 4mm (terraza plana),m²,Impermeabilización,Cubiertas y techumbres,Obra nueva,No aplica / mixto,Suministro e instalación,Impermeabilización,alta,false,
51,Impermeable,Repaso impermeabilizante cubierta plana,m²,Impermeabilización,Cubiertas y techumbres,Obra nueva,No aplica / mixto,Suministro e instalación,Impermeabilización,alta,false,
52,Impermeable,Sellado fisuras muro exterior,ml,Impermeabilización,Impermeabilización,Obra nueva,No aplica / mixto,Suministro e instalación,Impermeabilización,alta,false,
53,Impermeable,Impermeabilización fundación cristalizante,m²,Impermeabilización,Hormigón estructural,Obra nueva,No aplica / mixto,Suministro e instalación,Impermeabilización,alta,false,
60,Pisos,Cerámico piso 45x45cm,m²,Pisos y revestimientos,Pisos,Obra nueva,Cerámico,Suministro e instalación,Terminaciones,alta,false,Subrubro heredado de la categoría actual (sin coincidencia de palabra clave más específica).
61,Pisos,Porcelanato 60x60cm,m²,Pisos y revestimientos,Pisos,Obra nueva,Cerámico,Suministro e instalación,Terminaciones,alta,false,Subrubro heredado de la categoría actual (sin coincidencia de palabra clave más específica).
62,Pisos,Piso flotante laminado AC4,m²,Pisos y revestimientos,Pisos,Obra nueva,No aplica / mixto,Suministro e instalación,Terminaciones,alta,false,Subrubro heredado de la categoría actual (sin coincidencia de palabra clave más específica).
63,Pisos,Cerámico muro ducha 30x60cm,m²,Pisos y revestimientos,Pisos,Obra nueva,Cerámico,Suministro e instalación,Terminaciones,alta,false,Subrubro heredado de la categoría actual (sin coincidencia de palabra clave más específica).
64,Pisos,Cambio cerámico piso (inc. retiro),m²,Pisos y revestimientos,Pisos,Reposición,Cerámico,Suministro e instalación,Terminaciones,alta,false,Subrubro heredado de la categoría actual (sin coincidencia de palabra clave más específica).
65,Pisos,Cambio piso flotante (inc. retiro),m²,Pisos y revestimientos,Pisos,Reposición,No aplica / mixto,Suministro e instalación,Terminaciones,alta,false,Subrubro heredado de la categoría actual (sin coincidencia de palabra clave más específica).
66,Pisos,Reparación cerámico pisos/sócalos,gl,Pisos y revestimientos,Pisos,Reparación,Cerámico,Subcontrato,Terminaciones,alta,false,Subrubro heredado de la categoría actual (sin coincidencia de palabra clave más específica).
67,Pisos,Reparación cerámico muros,gl,Pisos y revestimientos,Pisos,Reparación,Cerámico,Subcontrato,Terminaciones,alta,false,Subrubro heredado de la categoría actual (sin coincidencia de palabra clave más específica).
70,Carpintería,Puerta interior HDF 80x200cm + marcos,unidad,"Puertas, ventanas y carpinterías",Puertas,Obra nueva,No aplica / mixto,Suministro e instalación,Carpintería / cerrajería,alta,false,
71,Carpintería,Puerta exterior madera sólida 90x200cm,unidad,"Puertas, ventanas y carpinterías",Puertas,Obra nueva,No aplica / mixto,Suministro e instalación,Carpintería / cerrajería,alta,false,
72,Carpintería,Ventana PVC corredera 100x100cm,unidad,"Puertas, ventanas y carpinterías",Ventanas,Obra nueva,PVC,Suministro e instalación,Carpintería / cerrajería,alta,false,
73,Carpintería,Ventana PVC termopanel 100x100cm,unidad,"Puertas, ventanas y carpinterías",Ventanas,Obra nueva,PVC,Suministro e instalación,Carpintería / cerrajería,alta,false,
74,Carpintería,Cambio ventana PVC (inc. retiro old),unidad,"Puertas, ventanas y carpinterías",Ventanas,Reposición,PVC,Suministro e instalación,Carpintería / cerrajería,alta,false,
75,Carpintería,Reparación muebles cocina,gl,"Puertas, ventanas y carpinterías",Mobiliario y equipamiento,Reparación,No aplica / mixto,Subcontrato,Carpintería / cerrajería,alta,false,
76,Carpintería,Cornisas perfil MDF,ml,"Puertas, ventanas y carpinterías",Carpintería,Obra nueva,No aplica / mixto,Suministro e instalación,Carpintería / cerrajería,alta,false,Subrubro heredado de la categoría actual (sin coincidencia de palabra clave más específica).
77,Carpintería,Guardapolvos MDF,ml,"Puertas, ventanas y carpinterías",Carpintería,Obra nueva,No aplica / mixto,Suministro e instalación,Carpintería / cerrajería,alta,false,Subrubro heredado de la categoría actual (sin coincidencia de palabra clave más específica).
80,Eléctrica,Punto de luz (foco LED empotrado),unidad,Instalaciones eléctricas,Iluminación,Obra nueva,No aplica / mixto,Suministro e instalación,Ingeniería eléctrica,alta,false,
81,Eléctrica,Punto toma corriente triple 16A,unidad,Instalaciones eléctricas,Tomas e interruptores,Obra nueva,No aplica / mixto,Suministro e instalación,Ingeniería eléctrica,alta,false,
82,Eléctrica,Punto eléctrico completo (luz + toma),unidad,Instalaciones eléctricas,Eléctrica,Obra nueva,No aplica / mixto,Suministro e instalación,Ingeniería eléctrica,alta,false,Subrubro heredado de la categoría actual (sin coincidencia de palabra clave más específica).
83,Eléctrica,Tablero distribución 8 circuitos,unidad,Instalaciones eléctricas,Tableros y protecciones eléctricas,Obra nueva,No aplica / mixto,Suministro e instalación,Ingeniería eléctrica,alta,false,
84,Eléctrica,Instalación eléctrica completa vivienda 60m²,gl,Instalaciones eléctricas,Eléctrica,Obra nueva,No aplica / mixto,Subcontrato,Ingeniería eléctrica,alta,false,Subrubro heredado de la categoría actual (sin coincidencia de palabra clave más específica).
85,Eléctrica,Cambio foco LED (mantención),unidad,Instalaciones eléctricas,Eléctrica,Reposición,No aplica / mixto,Suministro e instalación,Ingeniería eléctrica,alta,false,Subrubro heredado de la categoría actual (sin coincidencia de palabra clave más específica).
86,Eléctrica,Reparación toma corriente (mantención),unidad,Instalaciones eléctricas,Tomas e interruptores,Reparación,No aplica / mixto,Suministro e instalación,Ingeniería eléctrica,alta,false,
90,Sanitario,Punto agua fría PPR 20mm,unidad,Instalaciones sanitarias,Agua potable,Obra nueva,PPR,Suministro e instalación,Ingeniería sanitaria,alta,false,
91,Sanitario,Punto agua caliente PPR 20mm,unidad,Instalaciones sanitarias,Agua potable,Obra nueva,PPR,Suministro e instalación,Ingeniería sanitaria,alta,false,
92,Sanitario,Instalación sanitaria completa baño,gl,Instalaciones sanitarias,Sanitario,Obra nueva,No aplica / mixto,Subcontrato,Ingeniería sanitaria,alta,false,Subrubro heredado de la categoría actual (sin coincidencia de palabra clave más específica).
93,Sanitario,Artefactos sanitarios c/cubículos,unidad,Instalaciones sanitarias,Sanitario,Obra nueva,No aplica / mixto,Subcontrato,Ingeniería sanitaria,alta,false,Subrubro heredado de la categoría actual (sin coincidencia de palabra clave más específica).
94,Sanitario,Cambio llave de paso (mantención),unidad,Instalaciones sanitarias,Sanitario,Reposición,No aplica / mixto,Suministro e instalación,Ingeniería sanitaria,alta,false,Subrubro heredado de la categoría actual (sin coincidencia de palabra clave más específica).
95,Gas,Instalación gas 45KL (duchas y baño),unidad,Instalaciones de gas,Artefactos y grifería,Obra nueva,No aplica / mixto,Subcontrato,Gasfitería certificada,alta,false,
96,Gas,Instalación cilindros 45KL casino,unidad,Instalaciones de gas,Gas,Obra nueva,No aplica / mixto,Subcontrato,Gasfitería certificada,alta,false,Subrubro heredado de la categoría actual (sin coincidencia de palabra clave más específica).
97,Gas,Sello verde y prueba hermeticidad,unidad,Instalaciones de gas,Pruebas y certificación de gas,Obra nueva,No aplica / mixto,Subcontrato,Gasfitería certificada,baja,true,Rubro corregido respecto de la categoría actual original (ver DICCIONARIO_TAXONOMICO_ECP.json > overridesAplicados).
98,Gas,Gestión convenio Gasco,unidad,Servicios profesionales,Gestión y trámites con proveedor de gas,Servicio profesional,No aplica / mixto,Subcontrato,Servicios profesionales,baja,true,Rubro corregido respecto de la categoría actual original (ver DICCIONARIO_TAXONOMICO_ECP.json > overridesAplicados).
100,Demolición,Demolición tabique (retiro escombros inc.),m²,Demoliciones y desmontajes,Tabiquería,Demolición,No aplica / mixto,Desmontaje y retiro,Construcción general,alta,false,
101,Demolición,Demolición cielo existente,m²,Demoliciones y desmontajes,Cielos,Demolición,No aplica / mixto,Desmontaje y retiro,Construcción general,alta,false,
102,Demolición,Demolición muro albañilería,m²,Demoliciones y desmontajes,Demoliciones,Demolición,No aplica / mixto,Desmontaje y retiro,Construcción general,alta,false,
103,Demolición,Demolición radier / solera,m²,Demoliciones y desmontajes,Pavimentos y vialidad,Demolición,No aplica / mixto,Desmontaje y retiro,Construcción general,alta,false,
105,Ojalaería,Canal PVC 3m + bajante (ml ojalaería),ml,Techumbres y aguas lluvias,Canales y bajantes (aguas lluvias),Obra nueva,PVC,Suministro e instalación,Techumbres,alta,false,Rubro corregido respecto de la categoría actual original (ver DICCIONARIO_TAXONOMICO_ECP.json > overridesAplicados).
106,Ojalaería,Ojalaería completa (canal + bajante + tapasol),ml,Techumbres y aguas lluvias,Canales y bajantes (aguas lluvias),Obra nueva,No aplica / mixto,Suministro e instalación,Techumbres,alta,false,Rubro corregido respecto de la categoría actual original (ver DICCIONARIO_TAXONOMICO_ECP.json > overridesAplicados).
107,Ojalaería,Cambio canal y bajante existente,ml,Techumbres y aguas lluvias,Canales y bajantes (aguas lluvias),Reposición,No aplica / mixto,Suministro e instalación,Techumbres,alta,false,Rubro corregido respecto de la categoría actual original (ver DICCIONARIO_TAXONOMICO_ECP.json > overridesAplicados).
110,Regularización,Carpeta Seremi Salud,unidad,Servicios profesionales,Regularización y trámites,Regularización,No aplica / mixto,Subcontrato,Servicios profesionales,alta,false,Rubro corregido respecto de la categoría actual original (ver DICCIONARIO_TAXONOMICO_ECP.json > overridesAplicados).
111,Regularización,Carpeta Registro Patentes,unidad,Servicios profesionales,Regularización y trámites,Regularización,No aplica / mixto,Subcontrato,Servicios profesionales,alta,false,Rubro corregido respecto de la categoría actual original (ver DICCIONARIO_TAXONOMICO_ECP.json > overridesAplicados).
115,Varios,Reinstalación citófono,unidad,Corrientes débiles y seguridad electrónica,Citofonía / videoportero,Reposición,No aplica / mixto,Subcontrato,Electrónica / seguridad,media,true,"Categoría actual ""Varios"" es transitoria/catch-all; reclasificado a nivel de partida. Rubro corregido respecto de la categoría actual original (ver DICCIONARIO_TAXONOMICO_ECP.json > overridesAplicados)."
116,Varios,Celosías y cambio de ventanas,unidad,"Puertas, ventanas y carpinterías",Ventanas,Reposición,No aplica / mixto,Subcontrato,Carpintería / cerrajería,baja,true,"Categoría actual ""Varios"" es transitoria/catch-all; reclasificado a nivel de partida. Rubro corregido respecto de la categoría actual original (ver DICCIONARIO_TAXONOMICO_ECP.json > overridesAplicados)."
120,Estructuras Metálicas,Reja tubular (fabricación + instalación),m²,Estructuras metálicas,Cerrajería metálica,Obra nueva,Acero estructural,Fabricación e instalación,Ingeniería estructural / metalmecánica,alta,false,
121,Estructuras Metálicas,Protección ventana (fabricación + instalación),m²,Estructuras metálicas,Ventanas,Obra nueva,Acero estructural,Fabricación e instalación,Ingeniería estructural / metalmecánica,alta,false,
122,Estructuras Metálicas,Portón corredera (fabricación + instalación),m²,Estructuras metálicas,Estructuras Metálicas,Obra nueva,Acero estructural,Fabricación e instalación,Ingeniería estructural / metalmecánica,alta,false,Subrubro heredado de la categoría actual (sin coincidencia de palabra clave más específica).
123,Estructuras Metálicas,Pilar tubular 100x100x3mm (fabricación + inst.),unidad,Estructuras metálicas,Hormigón estructural,Obra nueva,Acero estructural,Suministro e instalación,Ingeniería estructural / metalmecánica,alta,false,
124,Estructuras Metálicas,Cierre perimetral tubular c/malla (fab. + inst.),m²,Estructuras metálicas,Cierres y muros perimetrales,Obra nueva,Acero estructural,Fabricación e instalación,Ingeniería estructural / metalmecánica,alta,false,
125,Estructuras Metálicas,Escalera metálica recta (fabricación + inst.),ml,Estructuras metálicas,Cerrajería metálica,Obra nueva,Acero estructural,Suministro e instalación,Ingeniería estructural / metalmecánica,alta,false,
126,Estructuras Metálicas,Baranda / pasamanos metálico (fab. + inst.),ml,Estructuras metálicas,Cerrajería metálica,Obra nueva,Acero estructural,Fabricación e instalación,Ingeniería estructural / metalmecánica,alta,false,
127,Estructuras Metálicas,Portón abatible 2 hojas (fabricación + inst.),m²,Estructuras metálicas,Estructuras Metálicas,Obra nueva,Acero estructural,Suministro e instalación,Ingeniería estructural / metalmecánica,alta,false,Subrubro heredado de la categoría actual (sin coincidencia de palabra clave más específica).
128,Estructuras Metálicas,Cobertizo / pérgola metálica (fab. + inst.),m²,Estructuras metálicas,Estructuras Metálicas,Obra nueva,Acero estructural,Fabricación e instalación,Ingeniería estructural / metalmecánica,alta,false,Subrubro heredado de la categoría actual (sin coincidencia de palabra clave más específica).
129,Estructuras Metálicas,Marco metálico puerta / ventana (fab. + inst.),unidad,Estructuras metálicas,Ventanas,Obra nueva,Acero estructural,Fabricación e instalación,Ingeniería estructural / metalmecánica,alta,false,
130,Mov. de Tierras,Excavación manual fundaciones,m³,Movimiento de tierras,Movimiento de tierras,Obra nueva,No aplica / mixto,Suministro e instalación,Ingeniería civil — movimiento de tierras,alta,false,
131,Mov. de Tierras,Excavación mecánica (retroexcavadora),m³,Movimiento de tierras,Movimiento de tierras,Obra nueva,No aplica / mixto,Subcontrato,Ingeniería civil — movimiento de tierras,alta,false,
132,Mov. de Tierras,Relleno compactado material selecto,m³,Movimiento de tierras,Movimiento de tierras,Obra nueva,No aplica / mixto,Suministro e instalación,Ingeniería civil — movimiento de tierras,alta,false,
133,Mov. de Tierras,Nivelación y compactación terreno,m²,Movimiento de tierras,Movimiento de tierras,Obra nueva,No aplica / mixto,Suministro e instalación,Ingeniería civil — movimiento de tierras,alta,false,
134,Mov. de Tierras,Retiro y transporte de escombros,m³,Movimiento de tierras,Retiro y transporte de escombros,Desmontaje,No aplica / mixto,Subcontrato,Ingeniería civil — movimiento de tierras,alta,false,
135,Obras Exteriores,Vereda hormigón H-20 7cm,m²,Obras exteriores y urbanización,Pavimentos y vialidad,Obra nueva,Hormigón,Suministro e instalación,Urbanización,alta,false,
136,Obras Exteriores,Adoquín peatonal 6cm c/base granular,m²,Obras exteriores y urbanización,Pavimentos y vialidad,Obra nueva,No aplica / mixto,Suministro e instalación,Urbanización,alta,false,
137,Obras Exteriores,Solera prefabricada 15x30cm (inst.),ml,Obras exteriores y urbanización,Pavimentos y vialidad,Obra nueva,No aplica / mixto,Suministro e instalación,Urbanización,alta,false,
138,Obras Exteriores,Estacionamiento hormigón H-20 10cm,m²,Obras exteriores y urbanización,Pavimentos y vialidad,Obra nueva,Hormigón,Suministro e instalación,Urbanización,alta,false,
139,Obras Exteriores,Muro contención hormigón armado H-25,m²,Obras exteriores y urbanización,Obras Exteriores,Obra nueva,Hormigón armado,Subcontrato,Urbanización,alta,false,Subrubro heredado de la categoría actual (sin coincidencia de palabra clave más específica).
140,Obras Exteriores,Cerco perimetral poste HEB c/cadena,ml,Obras exteriores y urbanización,Obras Exteriores,Obra nueva,Acero estructural,Subcontrato,Urbanización,alta,false,Subrubro heredado de la categoría actual (sin coincidencia de palabra clave más específica).
141,Climatización,Inst. split 9.000 BTU frío/calor (subcontr.),unidad,Climatización y ventilación,Climatización,Obra nueva,No aplica / mixto,Subcontrato,Climatización (HVAC),alta,false,Subrubro heredado de la categoría actual (sin coincidencia de palabra clave más específica).
142,Climatización,Inst. split 12.000 BTU frío/calor (subcontr.),unidad,Climatización y ventilación,Climatización,Obra nueva,No aplica / mixto,Subcontrato,Climatización (HVAC),alta,false,Subrubro heredado de la categoría actual (sin coincidencia de palabra clave más específica).
143,Climatización,Inst. split 18.000 BTU frío/calor (subcontr.),unidad,Climatización y ventilación,Climatización,Obra nueva,No aplica / mixto,Subcontrato,Climatización (HVAC),alta,false,Subrubro heredado de la categoría actual (sin coincidencia de palabra clave más específica).
144,Climatización,Extractor / ventilador baño c/ducto (inst.),unidad,Climatización y ventilación,Climatización,Obra nueva,No aplica / mixto,Suministro e instalación,Climatización (HVAC),alta,false,Subrubro heredado de la categoría actual (sin coincidencia de palabra clave más específica).
145,Seguridad,Cámara CCTV IP 2MP exterior (instalación),punto,Corrientes débiles y seguridad electrónica,Seguridad electrónica,Obra nueva,No aplica / mixto,Suministro e instalación,Electrónica / seguridad,alta,false,
146,Seguridad,DVR 4 canales 1080p + disco 1TB (inst.),unidad,Corrientes débiles y seguridad electrónica,Seguridad electrónica,Obra nueva,No aplica / mixto,Suministro e instalación,Electrónica / seguridad,alta,false,
147,Seguridad,Alarma domiciliaria básica (inst.),unidad,Corrientes débiles y seguridad electrónica,Seguridad electrónica,Obra nueva,No aplica / mixto,Subcontrato,Electrónica / seguridad,alta,false,
148,Seguridad,Control acceso magnético puerta (inst.),unidad,Corrientes débiles y seguridad electrónica,Puertas,Obra nueva,No aplica / mixto,Suministro e instalación,Electrónica / seguridad,alta,false,
150,Hormigón Armado,Pilar H-25 armado (cualquier sección),m³,Hormigón y fundaciones,Hormigón estructural,Obra nueva,Hormigón armado,Suministro e instalación,Ingeniería estructural,alta,false,
151,Hormigón Armado,Pilar H-30 armado (cualquier sección),m³,Hormigón y fundaciones,Hormigón estructural,Obra nueva,Hormigón armado,Suministro e instalación,Ingeniería estructural,alta,false,
152,Hormigón Armado,Viga H-25 armada (cualquier sección),m³,Hormigón y fundaciones,Hormigón estructural,Obra nueva,Hormigón armado,Suministro e instalación,Ingeniería estructural,alta,false,
153,Hormigón Armado,Viga H-30 armada (cualquier sección),m³,Hormigón y fundaciones,Hormigón estructural,Obra nueva,Hormigón armado,Suministro e instalación,Ingeniería estructural,alta,false,
154,Hormigón Armado,Losa H-25 armada,m³,Hormigón y fundaciones,Hormigón estructural,Obra nueva,Hormigón armado,Suministro e instalación,Ingeniería estructural,alta,false,
155,Hormigón Armado,Losa H-30 armada,m³,Hormigón y fundaciones,Hormigón estructural,Obra nueva,Hormigón armado,Suministro e instalación,Ingeniería estructural,alta,false,
156,Hormigón Armado,Fundación corrida H-25 armada,m³,Hormigón y fundaciones,Hormigón estructural,Obra nueva,Hormigón armado,Suministro e instalación,Ingeniería estructural,alta,false,
157,Hormigón Armado,Zapata aislada H-25 armada,m³,Hormigón y fundaciones,Hormigón estructural,Obra nueva,Hormigón armado,Suministro e instalación,Ingeniería estructural,alta,false,
158,Hormigón Armado,Moldaje metálico pilar (arriendo+inst.),m²,Hormigón y fundaciones,Hormigón estructural,Obra nueva,Hormigón,Subcontrato,Ingeniería estructural,alta,false,
159,Hormigón Armado,Enfierradura habilitada y colocada,kg,Hormigón y fundaciones,Hormigón estructural,Obra nueva,Hormigón,Suministro e instalación,Ingeniería estructural,alta,false,
160,Sanitario,Cámara de inspección hormigón ø60cm,unidad,Alcantarillado y drenaje,Alcantarillado domiciliario,Obra nueva,Hormigón,Suministro e instalación,Ingeniería sanitaria,media,true,Rubro corregido respecto de la categoría actual original (ver DICCIONARIO_TAXONOMICO_ECP.json > overridesAplicados).
161,Sanitario,Colector PVC ø110mm instalado,ml,Alcantarillado y drenaje,Alcantarillado domiciliario,Obra nueva,PVC,Suministro e instalación,Ingeniería sanitaria,media,true,Rubro corregido respecto de la categoría actual original (ver DICCIONARIO_TAXONOMICO_ECP.json > overridesAplicados).
162,Sanitario,Colector PVC ø160mm instalado,ml,Alcantarillado y drenaje,Alcantarillado domiciliario,Obra nueva,PVC,Suministro e instalación,Ingeniería sanitaria,media,true,Rubro corregido respecto de la categoría actual original (ver DICCIONARIO_TAXONOMICO_ECP.json > overridesAplicados).
163,Sanitario,Red alcantarillado vivienda completa,gl,Alcantarillado y drenaje,Alcantarillado domiciliario,Obra nueva,No aplica / mixto,Subcontrato,Ingeniería sanitaria,media,true,Rubro corregido respecto de la categoría actual original (ver DICCIONARIO_TAXONOMICO_ECP.json > overridesAplicados).
164,Sanitario,Trampa de grasa 30L (inst.),unidad,Alcantarillado y drenaje,Alcantarillado domiciliario,Obra nueva,No aplica / mixto,Suministro e instalación,Ingeniería sanitaria,media,true,Rubro corregido respecto de la categoría actual original (ver DICCIONARIO_TAXONOMICO_ECP.json > overridesAplicados).
165,Sanitario,"Llave de paso esfera 3/4"" (reemplazo)",unidad,Instalaciones sanitarias,Sanitario,Reposición,No aplica / mixto,Suministro e instalación,Ingeniería sanitaria,alta,false,Subrubro heredado de la categoría actual (sin coincidencia de palabra clave más específica).
166,Sanitario,"Medidor agua fría 1/2"" + conexión",unidad,Instalaciones sanitarias,Agua potable,Obra nueva,No aplica / mixto,Subcontrato,Ingeniería sanitaria,alta,false,
167,Sanitario,Estanque elevado 500L + estructura,unidad,Instalaciones sanitarias,Sanitario,Obra nueva,No aplica / mixto,Subcontrato,Ingeniería sanitaria,alta,false,Subrubro heredado de la categoría actual (sin coincidencia de palabra clave más específica).
170,Obras Provisorias,Bodega de faena 3x3m (arm.+desarm.),unidad,Obras preliminares,Instalaciones de faena,Obra nueva,No aplica / mixto,Suministro e instalación,Administración de obra,alta,false,Rubro corregido respecto de la categoría actual original (ver DICCIONARIO_TAXONOMICO_ECP.json > overridesAplicados).
171,Obras Provisorias,Cerco perimetral obras (inst.+retiro),ml,Obras preliminares,Instalaciones de faena,Obra nueva,No aplica / mixto,Suministro e instalación,Administración de obra,alta,false,Rubro corregido respecto de la categoría actual original (ver DICCIONARIO_TAXONOMICO_ECP.json > overridesAplicados).
172,Obras Provisorias,Letrero de obra 1.2x2.4m,unidad,Obras preliminares,Instalaciones de faena,Obra nueva,No aplica / mixto,Suministro e instalación,Administración de obra,alta,false,Rubro corregido respecto de la categoría actual original (ver DICCIONARIO_TAXONOMICO_ECP.json > overridesAplicados).
173,Obras Provisorias,Baño químico arrendado (mes),mes,Obras preliminares,Instalaciones de faena,Obra nueva,No aplica / mixto,Subcontrato,Administración de obra,alta,false,Rubro corregido respecto de la categoría actual original (ver DICCIONARIO_TAXONOMICO_ECP.json > overridesAplicados).
174,Obras Provisorias,Instalación eléctrica provisoria faena,gl,Obras preliminares,Instalaciones de faena,Obra nueva,No aplica / mixto,Suministro e instalación,Administración de obra,alta,false,Rubro corregido respecto de la categoría actual original (ver DICCIONARIO_TAXONOMICO_ECP.json > overridesAplicados).
175,Obras Provisorias,Agua provisoria faena (conexión+punto),gl,Obras preliminares,Instalaciones de faena,Obra nueva,No aplica / mixto,Subcontrato,Administración de obra,alta,false,Rubro corregido respecto de la categoría actual original (ver DICCIONARIO_TAXONOMICO_ECP.json > overridesAplicados).
180,Pavimentos,Asfalto frío reparación bacheo,m²,Obras exteriores y urbanización,Pavimentos y vialidad,Reparación,No aplica / mixto,Suministro e instalación,Urbanización,alta,false,
181,Pavimentos,Sello bituminoso doble tratamiento,m²,Obras exteriores y urbanización,Pavimentos,Obra nueva,No aplica / mixto,Suministro e instalación,Urbanización,alta,false,Subrubro heredado de la categoría actual (sin coincidencia de palabra clave más específica).
182,Pavimentos,Carpeta asfáltica caliente 5cm (subcontr.),m²,Obras exteriores y urbanización,Pavimentos y vialidad,Obra nueva,No aplica / mixto,Subcontrato,Urbanización,alta,false,
183,Pavimentos,Base estabilizada granular 15cm,m²,Obras exteriores y urbanización,Pavimentos,Obra nueva,No aplica / mixto,Suministro e instalación,Urbanización,alta,false,Subrubro heredado de la categoría actual (sin coincidencia de palabra clave más específica).
184,Pavimentos,Señalética horizontal pintura vial,ml,Obras exteriores y urbanización,Pinturas,Obra nueva,No aplica / mixto,Suministro e instalación,Urbanización,alta,false,
185,Pavimentos,Tachón reflectante (inst.),unidad,Obras exteriores y urbanización,Pavimentos y vialidad,Obra nueva,No aplica / mixto,Suministro e instalación,Urbanización,alta,false,
186,Pavimentos,Berma HEB/piedra bolón,ml,Obras exteriores y urbanización,Pavimentos y vialidad,Obra nueva,No aplica / mixto,Subcontrato,Urbanización,alta,false,
187,Piscinas,Excavación piscina (maquinaria),m³,Piscinas,Movimiento de tierras,Obra nueva,No aplica / mixto,Subcontrato,Piscinas,alta,false,
188,Piscinas,Estructura hormigón armado piscina H-25,m³,Piscinas,Piscinas,Obra nueva,Hormigón armado,Subcontrato,Piscinas,alta,false,Subrubro heredado de la categoría actual (sin coincidencia de palabra clave más específica).
189,Piscinas,Impermeabilización piscina (membrana),m²,Piscinas,Piscinas,Obra nueva,No aplica / mixto,Subcontrato,Piscinas,alta,false,Subrubro heredado de la categoría actual (sin coincidencia de palabra clave más específica).
190,Piscinas,Revestimiento gresite/cerámico piscina,m²,Piscinas,Pisos,Obra nueva,Cerámico,Subcontrato,Piscinas,alta,false,
191,Piscinas,Sistema filtración + bomba (inst.),unidad,Piscinas,Piscinas,Obra nueva,No aplica / mixto,Subcontrato,Piscinas,alta,false,Subrubro heredado de la categoría actual (sin coincidencia de palabra clave más específica).
192,Piscinas,Iluminación subacuática LED (por punto),unidad,Piscinas,Iluminación,Obra nueva,No aplica / mixto,Subcontrato,Piscinas,alta,false,
193,Piscinas,Escalera acero inoxidable piscina,unidad,Piscinas,Piscinas,Obra nueva,No aplica / mixto,Subcontrato,Piscinas,alta,false,Subrubro heredado de la categoría actual (sin coincidencia de palabra clave más específica).
194,Piscinas,Vereda perimetral piscina hormigón,m²,Piscinas,Pavimentos y vialidad,Obra nueva,Hormigón,Suministro e instalación,Piscinas,alta,false,
195,Piscinas,Canaleta perimetral piscina (drenaje),ml,Piscinas,Piscinas,Obra nueva,No aplica / mixto,Subcontrato,Piscinas,alta,false,Subrubro heredado de la categoría actual (sin coincidencia de palabra clave más específica).
196,Áreas Exteriores,Quincho estructura madera (fabricación+inst.),m²,Obras exteriores y urbanización,Áreas Exteriores,Obra nueva,Madera,Subcontrato,Urbanización,alta,false,Subrubro heredado de la categoría actual (sin coincidencia de palabra clave más específica).
197,Áreas Exteriores,Quincho estructura metálica (fabricación+inst.),m²,Obras exteriores y urbanización,Áreas Exteriores,Obra nueva,Acero estructural,Subcontrato,Urbanización,alta,false,Subrubro heredado de la categoría actual (sin coincidencia de palabra clave más específica).
198,Áreas Exteriores,Cubierta zinc quincho/pérgola,m²,Obras exteriores y urbanización,Cubiertas y techumbres,Obra nueva,Zinc,Suministro e instalación,Urbanización,alta,false,
199,Áreas Exteriores,Pérgola madera tratada (fabricación+inst.),m²,Obras exteriores y urbanización,Áreas Exteriores,Obra nueva,Madera,Subcontrato,Urbanización,alta,false,Subrubro heredado de la categoría actual (sin coincidencia de palabra clave más específica).
200,Áreas Exteriores,Deck madera tratada exterior,m²,Obras exteriores y urbanización,Áreas Exteriores,Obra nueva,Madera,Subcontrato,Urbanización,alta,false,Subrubro heredado de la categoría actual (sin coincidencia de palabra clave más específica).
201,Áreas Exteriores,Deck composite (WPC) exterior,m²,Obras exteriores y urbanización,Áreas Exteriores,Obra nueva,No aplica / mixto,Subcontrato,Urbanización,alta,false,Subrubro heredado de la categoría actual (sin coincidencia de palabra clave más específica).
202,Áreas Exteriores,Terraza hormigón pulido exterior,m²,Obras exteriores y urbanización,Áreas Exteriores,Obra nueva,Hormigón,Suministro e instalación,Urbanización,alta,false,Subrubro heredado de la categoría actual (sin coincidencia de palabra clave más específica).
203,Áreas Exteriores,Pavimento adoquín jardín c/base,m²,Obras exteriores y urbanización,Pavimentos y vialidad,Obra nueva,No aplica / mixto,Suministro e instalación,Urbanización,alta,false,
204,Áreas Exteriores,Hormigón estampado/decorativo,m²,Obras exteriores y urbanización,Áreas Exteriores,Obra nueva,Hormigón,Subcontrato,Urbanización,alta,false,Subrubro heredado de la categoría actual (sin coincidencia de palabra clave más específica).
205,Áreas Exteriores,Gravilla volcánica decorativa e=5cm,m²,Obras exteriores y urbanización,Áreas Exteriores,Obra nueva,No aplica / mixto,Subcontrato,Urbanización,alta,false,Subrubro heredado de la categoría actual (sin coincidencia de palabra clave más específica).
206,Áreas Exteriores,Jardín (preparación terreno + pasto),m²,Paisajismo y riego,Áreas verdes y riego,Obra nueva,No aplica / mixto,Subcontrato,Paisajismo,alta,false,Rubro corregido respecto de la categoría actual original (ver DICCIONARIO_TAXONOMICO_ECP.json > overridesAplicados).
207,Áreas Exteriores,Sistema riego automático (por zona),unidad,Paisajismo y riego,Áreas verdes y riego,Obra nueva,No aplica / mixto,Subcontrato,Paisajismo,alta,false,Rubro corregido respecto de la categoría actual original (ver DICCIONARIO_TAXONOMICO_ECP.json > overridesAplicados).
208,Áreas Exteriores,Muro jardín albañilería decorativa,m²,Obras exteriores y urbanización,Áreas verdes y riego,Obra nueva,No aplica / mixto,Subcontrato,Urbanización,alta,false,
209,Áreas Exteriores,Iluminación exterior (por punto),unidad,Obras exteriores y urbanización,Iluminación,Obra nueva,No aplica / mixto,Subcontrato,Urbanización,alta,false,
210,Hormigón y Albañilería,Revalses (moldaje contorno radier),ml,Hormigón y fundaciones,Hormigón estructural,Obra nueva,No aplica / mixto,Suministro e instalación,Ingeniería estructural,alta,false,
211,Hormigón Armado,Enfierradura malla electrosoldada colocada,m²,Hormigón y fundaciones,Hormigón estructural,Obra nueva,Acero (malla/ACMA),Suministro e instalación,Ingeniería estructural,alta,false,
212,Impermeabilización,Impermeabilización bajo radier (polietileno),m²,Impermeabilización,Hormigón estructural,Obra nueva,No aplica / mixto,Suministro e instalación,Impermeabilización,alta,false,
213,Mov. de Tierras,Nivelación y compactación terreno (máquina),m²,Movimiento de tierras,Movimiento de tierras,Obra nueva,No aplica / mixto,Subcontrato,Ingeniería civil — movimiento de tierras,alta,false,
214,Hormigón y Albañilería,Revalses - solo mano de obra,ml,Hormigón y fundaciones,Hormigón y Albañilería,Obra nueva,No aplica / mixto,Solo mano de obra,Ingeniería estructural,alta,false,Subrubro heredado de la categoría actual (sin coincidencia de palabra clave más específica).
215,Hormigón Armado,Enfierradura malla electrosoldada - solo MO,m²,Hormigón y fundaciones,Hormigón estructural,Obra nueva,Acero (malla/ACMA),Solo mano de obra,Ingeniería estructural,alta,false,
216,Impermeabilización,Impermeabilización bajo radier - solo MO,m²,Impermeabilización,Hormigón estructural,Obra nueva,No aplica / mixto,Solo mano de obra,Impermeabilización,alta,false,
217,Mov. de Tierras,Nivelación y compactación terreno - solo MO,m²,Movimiento de tierras,Movimiento de tierras,Obra nueva,No aplica / mixto,Solo mano de obra,Ingeniería civil — movimiento de tierras,alta,false,
218,Hormigón y Albañilería,Radier H-20 e=8cm completo (exc+relleno+revalse+radier),m²,Hormigón y fundaciones,Movimiento de tierras,Obra nueva,No aplica / mixto,Subcontrato,Ingeniería estructural,alta,false,
219,Hormigón y Albañilería,Radier H-25 e=10cm armado completo,m²,Hormigón y fundaciones,Hormigón estructural,Obra nueva,Hormigón armado,Subcontrato,Ingeniería estructural,alta,false,
220,Instalaciones Sanitarias,Ducha + grifería termostática (inst.),unidad,Instalaciones sanitarias,Artefactos y grifería,Obra nueva,No aplica / mixto,Subcontrato,Ingeniería sanitaria,alta,false,
221,Instalaciones Sanitarias,Lavamanos + grifería (inst.),unidad,Instalaciones sanitarias,Artefactos y grifería,Obra nueva,No aplica / mixto,Suministro e instalación,Ingeniería sanitaria,alta,false,
222,Instalaciones Sanitarias,WC con bidet incluido (inst.),unidad,Instalaciones sanitarias,Artefactos y grifería,Obra nueva,No aplica / mixto,Subcontrato,Ingeniería sanitaria,alta,false,
223,Instalaciones Eléctricas,Cableado principal 4mm² (ml),ml,Instalaciones eléctricas,Cableado,Obra nueva,No aplica / mixto,Suministro e instalación,Ingeniería eléctrica,alta,false,
224,Techumbres,Reparación gotera techumbre zinc (parche),m²,Techumbres y aguas lluvias,Cubiertas y techumbres,Reparación,Zinc,Reparación parcial,Techumbres,alta,false,
226,Pisos,Cambio piso Vinílico (instalación),m²,Pisos y revestimientos,Pisos,Reposición,Vinílico,Suministro e instalación,Terminaciones,alta,false,Subrubro heredado de la categoría actual (sin coincidencia de palabra clave más específica).
227,Pisos,Cambio piso Vinílico (inc. retiro piso existente),m²,Pisos y revestimientos,Pisos,Reposición,Vinílico,Suministro e instalación,Terminaciones,alta,false,Subrubro heredado de la categoría actual (sin coincidencia de palabra clave más específica).
310,Servicios Generales,Visita Técnica / Diagnóstico,gl,Servicios profesionales,Visita técnica y diagnóstico,Servicio profesional,No aplica / mixto,Suministro e instalación,Servicios profesionales,alta,false,"Categoría actual ""Servicios Generales"" es transitoria/catch-all; reclasificado a nivel de partida. Rubro corregido respecto de la categoría actual original (ver DICCIONARIO_TAXONOMICO_ECP.json > overridesAplicados)."
311,Mantención Techumbres,Reparación filtración techumbre (parche/tapagoteras),gl,Techumbres y aguas lluvias,Cubiertas y techumbres,Mantención correctiva,No aplica / mixto,Reparación parcial,Techumbres,alta,false,
312,Mantención Techumbres,Limpieza y destape de canaletas y bajantes,ml,Techumbres y aguas lluvias,Canales y bajantes (aguas lluvias),Mantención correctiva,No aplica / mixto,Suministro e instalación,Techumbres,alta,false,Rubro corregido respecto de la categoría actual original (ver DICCIONARIO_TAXONOMICO_ECP.json > overridesAplicados).
313,Mantención Pintura,Lijado y pintura esmalte/anticorrosivo reja o portón,m²,Pinturas y recubrimientos,Pinturas,Mantención correctiva,No aplica / mixto,Suministro e instalación,Pintura,alta,false,
314,Mantención Sanitaria,Cambio herrajes / flotador estanque WC,unidad,Instalaciones sanitarias,Artefactos y grifería,Reposición,No aplica / mixto,Suministro e instalación,Ingeniería sanitaria,alta,false,
315,Mantención Sanitaria,Destape de WC o cámara de inspección domiciliaria,gl,Alcantarillado y drenaje,Alcantarillado domiciliario,Mantención correctiva,No aplica / mixto,Subcontrato,Ingeniería sanitaria,media,true,Rubro corregido respecto de la categoría actual original (ver DICCIONARIO_TAXONOMICO_ECP.json > overridesAplicados).
316,Mantención Sanitaria,Cambio de sifón lavamanos / lavaplatos,unidad,Instalaciones sanitarias,Artefactos y grifería,Reposición,No aplica / mixto,Suministro e instalación,Ingeniería sanitaria,alta,false,
317,Mantención Eléctrica,Detección cortocircuito y revisión tablero,gl,Instalaciones eléctricas,Tableros y protecciones eléctricas,Mantención correctiva,No aplica / mixto,Suministro e instalación,Ingeniería eléctrica,alta,false,
318,Mantención Eléctrica,Cambio de enchufe/interruptor en mal estado,unidad,Instalaciones eléctricas,Tomas e interruptores,Reposición,No aplica / mixto,Suministro e instalación,Ingeniería eléctrica,alta,false,
319,Reparaciones Generales,Cambio de chapa/cerradura puerta,unidad,"Puertas, ventanas y carpinterías",Cerrajería,Reposición,No aplica / mixto,Suministro e instalación,Carpintería / cerrajería,media,true,"Categoría actual ""Reparaciones Generales"" es transitoria/catch-all; reclasificado a nivel de partida. Rubro corregido respecto de la categoría actual original (ver DICCIONARIO_TAXONOMICO_ECP.json > overridesAplicados)."
320,Reparaciones Generales,Reparación parche yeso/empaste muro dañado,m²,Cielos y terminaciones,Empastes y terminaciones de muro,Reparación,No aplica / mixto,Reparación parcial,Terminaciones,media,true,"Categoría actual ""Reparaciones Generales"" es transitoria/catch-all; reclasificado a nivel de partida. Rubro corregido respecto de la categoría actual original (ver DICCIONARIO_TAXONOMICO_ECP.json > overridesAplicados)."
321,Obras Provisorias,Cierre provisorio de obra en placa OSB,ml,Obras preliminares,Instalaciones de faena,Obra nueva,No aplica / mixto,Suministro e instalación,Administración de obra,alta,false,Rubro corregido respecto de la categoría actual original (ver DICCIONARIO_TAXONOMICO_ECP.json > overridesAplicados).
322,Demolición,Demolición tabique liviano con retiro a botadero,m²,Demoliciones y desmontajes,Tabiquería,Demolición,No aplica / mixto,Desmontaje y retiro,Construcción general,alta,false,
323,Mov. de Tierras,"Excavación manual de fundación hasta 0,80 m",m³,Movimiento de tierras,Movimiento de tierras,Obra nueva,No aplica / mixto,Suministro e instalación,Ingeniería civil — movimiento de tierras,alta,false,
324,Hormigón Armado,Fundación aislada de hormigón armado,m³,Hormigón y fundaciones,Hormigón estructural,Obra nueva,Hormigón armado,Suministro e instalación,Ingeniería estructural,alta,false,
325,Hormigón Armado,Pilar de hormigón armado,m³,Hormigón y fundaciones,Hormigón estructural,Obra nueva,Hormigón armado,Suministro e instalación,Ingeniería estructural,alta,false,
326,Hormigón Armado,Viga de hormigón armado,m³,Hormigón y fundaciones,Hormigón estructural,Obra nueva,Hormigón armado,Suministro e instalación,Ingeniería estructural,alta,false,
327,Fachadas y Vidrios,Muro cortina aluminio y vidrio termopanel,m²,Fachadas y cerramientos,Muro cortina,Obra nueva,Aluminio,Suministro e instalación,Fachadas,alta,false,"Categoría actual ""Fachadas y Vidrios"" es transitoria/catch-all; reclasificado a nivel de partida. Rubro corregido respecto de la categoría actual original (ver DICCIONARIO_TAXONOMICO_ECP.json > overridesAplicados)."
328,Fachadas y Vidrios,Ventana PVC termopanel instalada,m²,"Puertas, ventanas y carpinterías",Ventanas,Obra nueva,PVC,Suministro e instalación,Carpintería / cerrajería,media,true,"Categoría actual ""Fachadas y Vidrios"" es transitoria/catch-all; reclasificado a nivel de partida. Rubro corregido respecto de la categoría actual original (ver DICCIONARIO_TAXONOMICO_ECP.json > overridesAplicados)."
329,Accesibilidad,Rampa accesible de hormigón con pasamanos,m²,Accesibilidad universal,Accesibilidad,Obra nueva,Hormigón,Suministro e instalación,Arquitectura / accesibilidad,alta,false,Subrubro heredado de la categoría actual (sin coincidencia de palabra clave más específica).
330,Accesibilidad,Pavimento podotáctil de alerta o avance,m²,Accesibilidad universal,Accesibilidad,Obra nueva,No aplica / mixto,Suministro e instalación,Arquitectura / accesibilidad,alta,false,Subrubro heredado de la categoría actual (sin coincidencia de palabra clave más específica).
331,Protección Incendio,Red húmeda interior completa por gabinete,unidad,Protección contra incendios,Protección contra incendios,Obra nueva,No aplica / mixto,Suministro e instalación,Protección contra incendios,alta,false,
332,Protección Incendio,Extintor PQS 6 kg instalado y señalizado,unidad,Protección contra incendios,Protección contra incendios,Obra nueva,No aplica / mixto,Suministro e instalación,Protección contra incendios,alta,false,
333,Protección Incendio,Puerta cortafuego F-60 instalada,unidad,Protección contra incendios,Puertas,Obra nueva,No aplica / mixto,Suministro e instalación,Protección contra incendios,alta,false,
334,Corrientes Débiles,Punto de red Cat 6 certificado,punto,Corrientes débiles y seguridad electrónica,Seguridad electrónica,Obra nueva,No aplica / mixto,Suministro e instalación,Electrónica / seguridad,alta,false,
335,Corrientes Débiles,Punto cámara CCTV IP canalizado,punto,Corrientes débiles y seguridad electrónica,Seguridad electrónica,Obra nueva,No aplica / mixto,Suministro e instalación,Electrónica / seguridad,alta,false,
336,Corrientes Débiles,Sistema citofonía o videoportero básico,unidad,Corrientes débiles y seguridad electrónica,Seguridad electrónica,Obra nueva,No aplica / mixto,Suministro e instalación,Electrónica / seguridad,alta,false,
337,Equipamiento,Mueble base de cocina melamina con cubierta,ml,Equipamiento y mobiliario,Cubiertas y techumbres,Obra nueva,Melamina,Suministro e instalación,Carpintería / mobiliario,alta,false,
338,Equipamiento,Mueble aéreo de cocina melamina,ml,Equipamiento y mobiliario,Mobiliario y equipamiento,Obra nueva,Melamina,Suministro e instalación,Carpintería / mobiliario,alta,false,
339,Equipamiento Comercial,Mesón de atención comercial laminado,ml,Equipamiento y mobiliario,Equipamiento Comercial,Obra nueva,No aplica / mixto,Suministro e instalación,Carpintería / mobiliario,alta,false,Subrubro heredado de la categoría actual (sin coincidencia de palabra clave más específica).
340,Eficiencia Energética,Sistema solar fotovoltaico on-grid 1 kWp,kWp,Aislación y eficiencia energética,Energía solar,Obra nueva,No aplica / mixto,Suministro e instalación,Eficiencia energética,alta,false,
341,Eficiencia Energética,Termo solar domiciliario 200 L instalado,unidad,Aislación y eficiencia energética,Energía solar,Obra nueva,No aplica / mixto,Suministro e instalación,Eficiencia energética,alta,false,
342,Mantención Preventiva,Mantención preventiva tablero eléctrico,unidad,Mantención general,Tableros y protecciones eléctricas,Mantención preventiva,No aplica / mixto,Suministro e instalación,Mantención,alta,false,
343,Mantención Preventiva,Limpieza y mantención equipo split mural,unidad,Mantención general,Climatización,Mantención preventiva,No aplica / mixto,Suministro e instalación,Mantención,alta,false,
344,Mantención Preventiva,Sellado preventivo de juntas y fisuras exteriores,ml,Mantención general,Mantención Preventiva,Mantención preventiva,No aplica / mixto,Suministro e instalación,Mantención,alta,false,Subrubro heredado de la categoría actual (sin coincidencia de palabra clave más específica).
345,Demolición,"Demolición controlada cierre pandereta H=2,0 m",m²,Demoliciones y desmontajes,Demoliciones,Demolición,No aplica / mixto,Desmontaje y retiro,Construcción general,alta,false,
346,Demolición,Retiro poste hormigón prefabricado de cierre,unidad,Demoliciones y desmontajes,Retiro y transporte de escombros,Desmontaje,Hormigón,Desmontaje y retiro,Construcción general,alta,false,
347,Demolición,Demolición selectiva dado de fundación existente,unidad,Demoliciones y desmontajes,Hormigón estructural,Demolición,Hormigón,Desmontaje y retiro,Construcción general,alta,false,
348,Retiro de Escombros,Traslado interno de escombros en pendiente hasta 25 m,m³,Demoliciones y desmontajes,Retiro y transporte de escombros,Desmontaje,No aplica / mixto,Desmontaje y retiro,Construcción general,alta,false,
349,Retiro de Escombros,Retiro escombros camión tolva con carguío y botadero,viaje,Demoliciones y desmontajes,Retiro y transporte de escombros,Desmontaje,No aplica / mixto,Subcontrato,Construcción general,alta,false,
350,Estructuras Metálicas,Reutilización dado existente con platina y anclaje químico,unidad,Estructuras metálicas,Artefactos y grifería,Obra nueva,Acero estructural,Suministro e instalación,Ingeniería estructural / metalmecánica,alta,false,
351,Hormigón y Albañilería,Fundación nueva para poste metálico de cierre,unidad,Hormigón y fundaciones,Hormigón estructural,Obra nueva,Hormigón,Suministro e instalación,Ingeniería estructural,alta,false,
352,Estructuras Metálicas,Poste perfil acero 40x40x4 mm fabricado e instalado,unidad,Estructuras metálicas,Estructuras Metálicas,Obra nueva,Acero estructural,Fabricación e instalación,Ingeniería estructural / metalmecánica,alta,false,Subrubro heredado de la categoría actual (sin coincidencia de palabra clave más específica).
353,Estructuras Metálicas,"Paño malla ACMA 1G 3,00x1,85 m marco ángulo 25x25x3 mm",unidad,Estructuras metálicas,Cierres y muros perimetrales,Obra nueva,Acero (malla/ACMA),Suministro e instalación,Ingeniería estructural / metalmecánica,alta,false,
354,Estructuras Metálicas,"Paño malla ACMA 1G 3,00x1,85 m marco ángulo 25x25x4 mm",unidad,Estructuras metálicas,Cierres y muros perimetrales,Obra nueva,Acero (malla/ACMA),Suministro e instalación,Ingeniería estructural / metalmecánica,alta,false,
355,Estructuras Metálicas,"Paño corto escalonado malla ACMA 1G 1,50x1,85 m marco 3 mm",unidad,Estructuras metálicas,Cierres y muros perimetrales,Obra nueva,Acero (malla/ACMA),Suministro e instalación,Ingeniería estructural / metalmecánica,alta,false,
356,Estructuras Metálicas,"Paño corto escalonado malla ACMA 1G 1,50x1,85 m marco 4 mm",unidad,Estructuras metálicas,Cierres y muros perimetrales,Obra nueva,Acero (malla/ACMA),Suministro e instalación,Ingeniería estructural / metalmecánica,alta,false,
357,Obras Exteriores,Limpieza y perfilado final de franja de cierre,ml,Obras exteriores y urbanización,Obras Exteriores,Obra nueva,No aplica / mixto,Suministro e instalación,Urbanización,alta,false,Subrubro heredado de la categoría actual (sin coincidencia de palabra clave más específica).
358,Estructuras Metálicas,Cierre Acmafor 3D 2.5m verde c/postes,ml,Estructuras metálicas,Cierres y muros perimetrales,Obra nueva,Acero (malla/ACMA),Suministro e instalación,Ingeniería estructural / metalmecánica,alta,false,
359,Mantención Pintura,Repintado interior con tratamiento de humedad/hongos,m²,Pinturas y recubrimientos,Pinturas,Mantención correctiva,No aplica / mixto,Suministro e instalación,Pintura,alta,false,
360,Mantención Pintura,Pintura de cielo americano o placa yeso-cartón,m²,Pinturas y recubrimientos,Cielos,Mantención correctiva,No aplica / mixto,Suministro e instalación,Pintura,alta,false,
361,Mantención Pintura,Lavado a presión y pintura de fachada exterior,m²,Pinturas y recubrimientos,Pinturas,Mantención correctiva,No aplica / mixto,Suministro e instalación,Pintura,alta,false,
362,Servicios Generales,Limpieza fina post obra o entrega,m²,"Limpieza, pruebas y entrega",Limpieza final de obra,Obra nueva,No aplica / mixto,Suministro e instalación,Servicios generales de obra,alta,false,"Categoría actual ""Servicios Generales"" es transitoria/catch-all; reclasificado a nivel de partida. Rubro corregido respecto de la categoría actual original (ver DICCIONARIO_TAXONOMICO_ECP.json > overridesAplicados)."
363,Servicios Generales,Traslado y acarreo de mobiliario (mudanza interna),gl,Obras preliminares,Logística de obra,Obra nueva,No aplica / mixto,Suministro e instalación,Administración de obra,media,true,"Categoría actual ""Servicios Generales"" es transitoria/catch-all; reclasificado a nivel de partida. Rubro corregido respecto de la categoría actual original (ver DICCIONARIO_TAXONOMICO_ECP.json > overridesAplicados)."
364,Servicios Generales,Jornada adicional de especialista a trato,jornada,Servicios profesionales,Mano de obra a trato,Servicio profesional,No aplica / mixto,Solo mano de obra,Servicios profesionales,media,true,"Categoría actual ""Servicios Generales"" es transitoria/catch-all; reclasificado a nivel de partida. Rubro corregido respecto de la categoría actual original (ver DICCIONARIO_TAXONOMICO_ECP.json > overridesAplicados)."
365,Equipamiento Comercial,Letrero acrílico luminoso con letras corpóreas,m²,Equipamiento y mobiliario,Mobiliario y equipamiento,Obra nueva,No aplica / mixto,Subcontrato,Carpintería / mobiliario,alta,false,
366,Equipamiento Comercial,Vitrina exhibidora de melamina con vidrio,ml,Equipamiento y mobiliario,Mobiliario y equipamiento,Obra nueva,Vidrio,Suministro e instalación,Carpintería / mobiliario,alta,false,
367,Equipamiento Comercial,Mueble para punto de venta o caja registradora,unidad,Equipamiento y mobiliario,Mobiliario y equipamiento,Obra nueva,No aplica / mixto,Suministro e instalación,Carpintería / mobiliario,alta,false,
368,Instalaciones Sanitarias,Instalación de WC estándar con cisterna,unidad,Instalaciones sanitarias,Artefactos y grifería,Obra nueva,No aplica / mixto,Suministro e instalación,Ingeniería sanitaria,alta,false,
369,Instalaciones Sanitarias,Instalación de ducha con mezcladora simple,unidad,Instalaciones sanitarias,Artefactos y grifería,Obra nueva,No aplica / mixto,Suministro e instalación,Ingeniería sanitaria,alta,false,
370,Instalaciones Sanitarias,Instalación de tina o bañera,unidad,Instalaciones sanitarias,Artefactos y grifería,Obra nueva,No aplica / mixto,Suministro e instalación,Ingeniería sanitaria,alta,false,
371,Instalaciones Sanitarias,Ampliación de red de desagüe PVC interior,ml,Alcantarillado y drenaje,Alcantarillado domiciliario,Ampliación,PVC,Suministro e instalación,Ingeniería sanitaria,media,true,Rubro corregido respecto de la categoría actual original (ver DICCIONARIO_TAXONOMICO_ECP.json > overridesAplicados).
372,Gas,Instalación de calefont a gas 10L,unidad,Instalaciones de gas,Redes de gas,Obra nueva,No aplica / mixto,Suministro e instalación,Gasfitería certificada,alta,false,
373,Gas,Ampliación de red de gas residencial en cobre,ml,Instalaciones de gas,Redes de gas,Ampliación,Cobre,Suministro e instalación,Gasfitería certificada,alta,false,
374,Gas,Instalación de regulador y manguera de gas licuado,unidad,Instalaciones de gas,Redes de gas,Obra nueva,No aplica / mixto,Suministro e instalación,Gasfitería certificada,alta,false,
375,Gas,Instalación de detector de gas GLP,unidad,Instalaciones de gas,Redes de gas,Obra nueva,No aplica / mixto,Suministro e instalación,Gasfitería certificada,alta,false,
376,Instalaciones Eléctricas,Tablero de distribución 4 circuitos,unidad,Instalaciones eléctricas,Tableros y protecciones eléctricas,Obra nueva,No aplica / mixto,Suministro e instalación,Ingeniería eléctrica,alta,false,
377,Instalaciones Eléctricas,Tablero de distribución 12 circuitos,unidad,Instalaciones eléctricas,Tableros y protecciones eléctricas,Obra nueva,No aplica / mixto,Suministro e instalación,Ingeniería eléctrica,alta,false,
378,Instalaciones Eléctricas,Cableado de circuito reforzado 6mm² (calefont/A.A.),ml,Instalaciones eléctricas,Cableado,Obra nueva,No aplica / mixto,Suministro e instalación,Ingeniería eléctrica,alta,false,
379,Instalaciones Eléctricas,Cableado de circuito industrial/hornillas 10mm²,ml,Instalaciones eléctricas,Cableado,Obra nueva,No aplica / mixto,Suministro e instalación,Ingeniería eléctrica,alta,false,
380,Instalaciones Eléctricas,Instalación de luminaria LED panel embutido 24W,unidad,Instalaciones eléctricas,Iluminación,Obra nueva,No aplica / mixto,Suministro e instalación,Ingeniería eléctrica,alta,false,
381,Instalaciones Eléctricas,Instalación de barra LED bajo mueble,unidad,Instalaciones eléctricas,Mobiliario y equipamiento,Obra nueva,No aplica / mixto,Suministro e instalación,Ingeniería eléctrica,alta,false,
382,Metalcon Estructural,Correa Metalcon omega 100x30mm e=0.85mm instalada,ml,Estructuras metálicas,Metalcon Estructural,Obra nueva,Metalcon (acero galvanizado liviano),Suministro e instalación,Ingeniería estructural / metalmecánica,alta,false,Subrubro heredado de la categoría actual (sin coincidencia de palabra clave más específica).
383,Metalcon Estructural,Correa Metalcon omega 100x30mm e=1.5mm reforzada instalada,ml,Estructuras metálicas,Metalcon Estructural,Obra nueva,Metalcon (acero galvanizado liviano),Suministro e instalación,Ingeniería estructural / metalmecánica,alta,false,Subrubro heredado de la categoría actual (sin coincidencia de palabra clave más específica).
384,Metalcon Estructural,Correa Metalcon C200x50mm e=2.0mm (techo de mayor luz) instalada,ml,Estructuras metálicas,Metalcon Estructural,Obra nueva,Metalcon (acero galvanizado liviano),Suministro e instalación,Ingeniería estructural / metalmecánica,alta,false,Subrubro heredado de la categoría actual (sin coincidencia de palabra clave más específica).
385,Metalcon Estructural,Viga cajón Metalcon 2xC 150mm soldada (dintel/viga),ml,Estructuras metálicas,Hormigón estructural,Obra nueva,Metalcon (acero galvanizado liviano),Suministro e instalación,Ingeniería estructural / metalmecánica,alta,false,
386,Metalcon Estructural,Viga cajón Metalcon 2xC 200mm soldada (luces mayores),ml,Estructuras metálicas,Hormigón estructural,Obra nueva,Metalcon (acero galvanizado liviano),Suministro e instalación,Ingeniería estructural / metalmecánica,alta,false,
387,Metalcon Estructural,Perfil Z 150mm e=2.0mm instalado (correa o refuerzo),ml,Estructuras metálicas,Metalcon Estructural,Obra nueva,Metalcon (acero galvanizado liviano),Suministro e instalación,Ingeniería estructural / metalmecánica,alta,false,Subrubro heredado de la categoría actual (sin coincidencia de palabra clave más específica).
388,Metalcon Estructural,Perfil angular acero 50x50x3mm instalado (arriostramiento),ml,Estructuras metálicas,Metalcon Estructural,Obra nueva,Metalcon (acero galvanizado liviano),Suministro e instalación,Ingeniería estructural / metalmecánica,alta,false,Subrubro heredado de la categoría actual (sin coincidencia de palabra clave más específica).
389,Metalcon Estructural,Base de poste o columna metálica con placa y pernos de anclaje,unidad,Estructuras metálicas,Metalcon Estructural,Obra nueva,Metalcon (acero galvanizado liviano),Suministro e instalación,Ingeniería estructural / metalmecánica,alta,false,Subrubro heredado de la categoría actual (sin coincidencia de palabra clave más específica).
390,Metalcon Estructural,Tabique Metalcon estructural reforzado 90x38mm (muro de carga liviano),m²,Estructuras metálicas,Tabiquería,Obra nueva,Metalcon (acero galvanizado liviano),Suministro e instalación,Ingeniería estructural / metalmecánica,alta,false,
391,Metalcon Estructural,Tabique Metalcon estructural liviano 60x38mm,m²,Estructuras metálicas,Tabiquería,Obra nueva,Metalcon (acero galvanizado liviano),Suministro e instalación,Ingeniería estructural / metalmecánica,alta,false,
392,Metalcon Estructural,Muro Metalcon perimetral económico 100x50mm e=0.85mm,m²,Estructuras metálicas,Cierres y muros perimetrales,Obra nueva,Metalcon (acero galvanizado liviano),Suministro e instalación,Ingeniería estructural / metalmecánica,alta,false,
393,Metalcon Estructural,Muro Metalcon perimetral reforzado 150x50mm e=1.0mm,m²,Estructuras metálicas,Cierres y muros perimetrales,Obra nueva,Metalcon (acero galvanizado liviano),Suministro e instalación,Ingeniería estructural / metalmecánica,alta,false,
394,Albañilería,Muro albañilería bloques 14cm (sin refuerzo),m²,Albañilería,Albañilería,Obra nueva,Albañilería,Suministro e instalación,Construcción general,alta,false,Subrubro heredado de la categoría actual (sin coincidencia de palabra clave más específica).
395,Albañilería,Hormigón elaborado en obra (dosificación artesanal),m³,Albañilería,Albañilería,Obra nueva,Hormigón,Suministro e instalación,Construcción general,alta,false,Subrubro heredado de la categoría actual (sin coincidencia de palabra clave más específica).
396,Albañilería,Base granular compactada para radier o pavimento,m²,Albañilería,Pavimentos y vialidad,Obra nueva,No aplica / mixto,Suministro e instalación,Construcción general,alta,false,
397,Albañilería,Relleno o enrocado con piedra bolón,m³,Albañilería,Movimiento de tierras,Obra nueva,No aplica / mixto,Suministro e instalación,Construcción general,alta,false,
398,Albañilería,Enlucido o relleno con yeso en muros interiores,m²,Albañilería,Movimiento de tierras,Obra nueva,No aplica / mixto,Suministro e instalación,Construcción general,alta,false,
399,Madera NC,Instalación de cercha prefabricada pino 8m de luz,par,Construcción liviana,Madera NC,Obra nueva,Madera,Suministro e instalación,Construcción en seco (steel framing / madera),alta,false,Subrubro heredado de la categoría actual (sin coincidencia de palabra clave más específica).
400,Madera NC,"Entramado o refuerzo con polín pino 2x2""",ml,Construcción liviana,Madera NC,Obra nueva,Madera,Suministro e instalación,Construcción en seco (steel framing / madera),alta,false,Subrubro heredado de la categoría actual (sin coincidencia de palabra clave más específica).
401,Madera NC,"Viga o dintel de madera pino 2x8""",ml,Construcción liviana,Hormigón estructural,Obra nueva,Madera,Suministro e instalación,Construcción en seco (steel framing / madera),alta,false,
402,Madera NC,Cielo o entrepiso con terciado estructural 12mm,m²,Cielos y terminaciones,Cielos,Obra nueva,Madera,Suministro e instalación,Terminaciones,alta,false,Rubro corregido respecto de la categoría actual original (ver DICCIONARIO_TAXONOMICO_ECP.json > overridesAplicados).
403,Techumbres,Cubierta zinc teja española instalada,m²,Techumbres y aguas lluvias,Cubiertas y techumbres,Obra nueva,Zinc,Suministro e instalación,Techumbres,alta,false,
404,Techumbres,Cubierta policarbonato alveolar 8mm instalada,m²,Techumbres y aguas lluvias,Cubiertas y techumbres,Obra nueva,Policarbonato,Suministro e instalación,Techumbres,alta,false,
405,Techumbres,Limatesa de zinc instalada,unidad,Techumbres y aguas lluvias,Cubiertas y techumbres,Obra nueva,Zinc,Suministro e instalación,Techumbres,alta,false,
406,Techumbres,Impermeabilización acrílica de techumbre,m²,Techumbres y aguas lluvias,Recubrimientos de cubierta,Obra nueva,No aplica / mixto,Suministro e instalación,Techumbres,media,true,Rubro corregido respecto de la categoría actual original (ver DICCIONARIO_TAXONOMICO_ECP.json > overridesAplicados).
407,Pisos,Piso flotante laminado AC5 (uso comercial),m²,Pisos y revestimientos,Pisos,Obra nueva,No aplica / mixto,Suministro e instalación,Terminaciones,alta,false,Subrubro heredado de la categoría actual (sin coincidencia de palabra clave más específica).
408,Pisos,Renovación de fragua en juntas de piso o revestimiento,m²,Pisos y revestimientos,Pisos,Obra nueva,No aplica / mixto,Suministro e instalación,Terminaciones,alta,false,Subrubro heredado de la categoría actual (sin coincidencia de palabra clave más específica).
409,Pisos,Fijación de piso de parquet con adhesivo (madera de cargo del cliente),m²,Pisos y revestimientos,Pisos,Obra nueva,No aplica / mixto,Suministro e instalación,Terminaciones,alta,false,Subrubro heredado de la categoría actual (sin coincidencia de palabra clave más específica).
410,Pisos,Piso vinílico adherido con adhesivo acrílico (instalación pegada),m²,Pisos y revestimientos,Pisos,Obra nueva,Vinílico,Suministro e instalación,Terminaciones,alta,false,Subrubro heredado de la categoría actual (sin coincidencia de palabra clave más específica).
411,Climatización,Suministro de equipo split 9.000 BTU (sin instalación),unidad,Climatización y ventilación,Climatización,Obra nueva,No aplica / mixto,Solo suministro,Climatización (HVAC),alta,false,Subrubro heredado de la categoría actual (sin coincidencia de palabra clave más específica).
412,Climatización,Suministro de equipo split 12.000 BTU (sin instalación),unidad,Climatización y ventilación,Climatización,Obra nueva,No aplica / mixto,Solo suministro,Climatización (HVAC),alta,false,Subrubro heredado de la categoría actual (sin coincidencia de palabra clave más específica).
413,Climatización,Suministro de equipo split 18.000 BTU (sin instalación),unidad,Climatización y ventilación,Climatización,Obra nueva,No aplica / mixto,Solo suministro,Climatización (HVAC),alta,false,Subrubro heredado de la categoría actual (sin coincidencia de palabra clave más específica).
414,Climatización,"Instalación de split (mano de obra, equipo de cliente o comprado aparte)",unidad,Climatización y ventilación,Climatización,Obra nueva,No aplica / mixto,Solo instalación,Climatización (HVAC),alta,false,Subrubro heredado de la categoría actual (sin coincidencia de palabra clave más específica).
415,Aislación,Aislación térmica de muro con poliestireno EPS 50mm,m²,Aislación y eficiencia energética,Aislación térmica,Obra nueva,Poliestireno expandido (EPS),Suministro e instalación,Eficiencia energética,alta,false,
416,Aislación,Aislación térmica de muro o techo con poliestireno EPS 100mm,m²,Aislación y eficiencia energética,Aislación térmica,Obra nueva,Poliestireno expandido (EPS),Suministro e instalación,Eficiencia energética,alta,false,
417,Impermeabilización,Impermeabilización de muro bajo nivel con membrana deltaforce,m²,Impermeabilización,Impermeabilización,Obra nueva,No aplica / mixto,Suministro e instalación,Impermeabilización,alta,false,Subrubro heredado de la categoría actual (sin coincidencia de palabra clave más específica).
418,Carpintería,Ventana proyectante PVC 60x60cm instalada,unidad,"Puertas, ventanas y carpinterías",Ventanas,Obra nueva,PVC,Suministro e instalación,Carpintería / cerrajería,alta,false,
419,Carpintería,Perfil de terminación de aluminio instalado,ml,"Puertas, ventanas y carpinterías",Carpintería,Obra nueva,Aluminio,Suministro e instalación,Carpintería / cerrajería,alta,false,Subrubro heredado de la categoría actual (sin coincidencia de palabra clave más específica).
420,Tabiquería,Tabique cortafuego con placa yeso RF 15mm,m²,Construcción liviana,Tabiques cortafuego,Obra nueva,No aplica / mixto,Suministro e instalación,Construcción en seco (steel framing / madera),baja,true,Rubro corregido respecto de la categoría actual original (ver DICCIONARIO_TAXONOMICO_ECP.json > overridesAplicados).
421,Impermeabilización,Impermeabilización de muro con manta drenante geodren,m²,Impermeabilización,Impermeabilización,Obra nueva,No aplica / mixto,Suministro e instalación,Impermeabilización,alta,false,Subrubro heredado de la categoría actual (sin coincidencia de palabra clave más específica).
422,Mantención Eléctrica,Cambio de ampolleta o foco LED,unidad,Instalaciones eléctricas,Mantención Eléctrica,Reposición,No aplica / mixto,Suministro e instalación,Ingeniería eléctrica,alta,false,Subrubro heredado de la categoría actual (sin coincidencia de palabra clave más específica).
423,Instalaciones Sanitarias,"Red de desagüe PVC 4"" (colector principal)",ml,Alcantarillado y drenaje,Alcantarillado domiciliario,Obra nueva,PVC,Suministro e instalación,Ingeniería sanitaria,media,true,Rubro corregido respecto de la categoría actual original (ver DICCIONARIO_TAXONOMICO_ECP.json > overridesAplicados).
424,Gas,"Red de gas en cobre 3/4"" (matriz o alimentación principal)",ml,Instalaciones de gas,Redes de gas,Obra nueva,Cobre,Suministro e instalación,Gasfitería certificada,alta,false,
425,Estructuras Metálicas,Fijación con tornillo autorroscante en perfil metálico (por caja),caja,Estructuras metálicas,Estructuras Metálicas,Obra nueva,Metalcon (acero galvanizado liviano),Suministro e instalación,Ingeniería estructural / metalmecánica,alta,false,Subrubro heredado de la categoría actual (sin coincidencia de palabra clave más específica).
426,Mov. de Tierras,Entibación de excavación con plancha metálica,unidad,Movimiento de tierras,Movimiento de tierras,Obra nueva,No aplica / mixto,Suministro e instalación,Ingeniería civil — movimiento de tierras,alta,false,
427,Obras Exteriores,Poste HEB de acero para cierre o estructura exterior,unidad,Obras exteriores y urbanización,Obras Exteriores,Obra nueva,No aplica / mixto,Suministro e instalación,Urbanización,alta,false,Subrubro heredado de la categoría actual (sin coincidencia de palabra clave más específica).
428,Seguridad,Instalación de alarma domiciliaria básica,unidad,Corrientes débiles y seguridad electrónica,Seguridad electrónica,Obra nueva,No aplica / mixto,Suministro e instalación,Electrónica / seguridad,alta,false,
429,Hormigón Armado,Refuerzo puntual con fierro corrugado 8mm,ml,Hormigón y fundaciones,Hormigón Armado,Obra nueva,Hormigón,Suministro e instalación,Ingeniería estructural,alta,false,Subrubro heredado de la categoría actual (sin coincidencia de palabra clave más específica).
430,Sanitario,Instalación de estanque elevado 500L (base existente),unidad,Instalaciones sanitarias,Sanitario,Obra nueva,No aplica / mixto,Suministro e instalación,Ingeniería sanitaria,alta,false,Subrubro heredado de la categoría actual (sin coincidencia de palabra clave más específica).
431,Obras Provisorias,Arriendo de baño químico (mensual),mes,Obras preliminares,Instalaciones de faena,Obra nueva,No aplica / mixto,Suministro e instalación,Administración de obra,alta,false,Rubro corregido respecto de la categoría actual original (ver DICCIONARIO_TAXONOMICO_ECP.json > overridesAplicados).
432,Servicios,Transporte en camión tolva 8 m³ (flete general),viaje,Demoliciones y desmontajes,Transporte de escombros,Obra nueva,No aplica / mixto,Suministro e instalación,Construcción general,media,true,"Categoría actual ""Servicios"" es transitoria/catch-all; reclasificado a nivel de partida. Rubro corregido respecto de la categoría actual original (ver DICCIONARIO_TAXONOMICO_ECP.json > overridesAplicados)."
433,Pintura,"Kit de insumos para pintura (brochas, bandejas, lijas, masilla)",gl,Pinturas y recubrimientos,Pinturas,Obra nueva,No aplica / mixto,Suministro e instalación,Pintura,alta,false,
